-- MySQL dump 10.13  Distrib 8.0.39, for Linux (x86_64)
--
-- Host: localhost    Database: l5_erp1_backend
-- ------------------------------------------------------
-- Server version	8.0.39-0ubuntu0.22.04.1

/*!40101 SET @OLD_CHARACTER_SET_CLIENT=@@CHARACTER_SET_CLIENT */;
/*!40101 SET @OLD_CHARACTER_SET_RESULTS=@@CHARACTER_SET_RESULTS */;
/*!40101 SET @OLD_COLLATION_CONNECTION=@@COLLATION_CONNECTION */;
/*!50503 SET NAMES utf8mb4 */;
/*!40103 SET @OLD_TIME_ZONE=@@TIME_ZONE */;
/*!40103 SET TIME_ZONE='+00:00' */;
/*!40014 SET @OLD_UNIQUE_CHECKS=@@UNIQUE_CHECKS, UNIQUE_CHECKS=0 */;
/*!40014 SET @OLD_FOREIGN_KEY_CHECKS=@@FOREIGN_KEY_CHECKS, FOREIGN_KEY_CHECKS=0 */;
/*!40101 SET @OLD_SQL_MODE=@@SQL_MODE, SQL_MODE='NO_AUTO_VALUE_ON_ZERO' */;
/*!40111 SET @OLD_SQL_NOTES=@@SQL_NOTES, SQL_NOTES=0 */;

--
-- Table structure for table `AssignedBlockchainAddress`
--

DROP TABLE IF EXISTS `AssignedBlockchainAddress`;
/*!40101 SET @saved_cs_client     = @@character_set_client */;
/*!50503 SET character_set_client = utf8mb4 */;
CREATE TABLE `AssignedBlockchainAddress` (
  `id` int NOT NULL AUTO_INCREMENT,
  `address` varchar(191) COLLATE utf8mb4_unicode_ci NOT NULL,
  `email` varchar(191) COLLATE utf8mb4_unicode_ci NOT NULL,
  PRIMARY KEY (`id`),
  UNIQUE KEY `AssignedBlockchainAddress_address_key` (`address`),
  UNIQUE KEY `AssignedBlockchainAddress_email_key` (`email`),
  CONSTRAINT `AssignedBlockchainAddress_address_fkey` FOREIGN KEY (`address`) REFERENCES `AvailableBlockchainAddress` (`address`) ON DELETE CASCADE ON UPDATE CASCADE
) ENGINE=InnoDB AUTO_INCREMENT=7 DEFAULT CHARSET=utf8mb4 COLLATE=utf8mb4_unicode_ci;
/*!40101 SET character_set_client = @saved_cs_client */;

--
-- Dumping data for table `AssignedBlockchainAddress`
--

LOCK TABLES `AssignedBlockchainAddress` WRITE;
/*!40000 ALTER TABLE `AssignedBlockchainAddress` DISABLE KEYS */;
INSERT INTO `AssignedBlockchainAddress` VALUES (1,'0xA81d42117d9745d6CcfC5e0Bec3E19a57592d1da','qwe1@qwe.qwe'),(2,'0x01985F7D085515C42Be83e40B82ec20f6C8b0AD6','asd1@asd.asd'),(3,'0x44d1885b62770faE4e99c2900c736E0E1377c17B','zxc1@zxc.zxc'),(4,'0x391B93347Db43ea054C586Da529b3C61934e083C','l5ca_cust1@test.com'),(5,'0x377ef20DF86950a01D3ACa688f74d8f74E912DF2','l5ca_cust2@test.com'),(6,'0xc5441806ADF3f9d93d46DB414F0EEB7f76e288D4','l5ca_cust3@test.com');
/*!40000 ALTER TABLE `AssignedBlockchainAddress` ENABLE KEYS */;
UNLOCK TABLES;

--
-- Table structure for table `AvailableBlockchainAddress`
--

DROP TABLE IF EXISTS `AvailableBlockchainAddress`;
/*!40101 SET @saved_cs_client     = @@character_set_client */;
/*!50503 SET character_set_client = utf8mb4 */;
CREATE TABLE `AvailableBlockchainAddress` (
  `id` int NOT NULL AUTO_INCREMENT,
  `address` varchar(255) COLLATE utf8mb4_unicode_ci NOT NULL,
  PRIMARY KEY (`id`),
  UNIQUE KEY `AvailableBlockchainAddress_address_key` (`address`)
) ENGINE=InnoDB AUTO_INCREMENT=11 DEFAULT CHARSET=utf8mb4 COLLATE=utf8mb4_unicode_ci;
/*!40101 SET character_set_client = @saved_cs_client */;

--
-- Dumping data for table `AvailableBlockchainAddress`
--

LOCK TABLES `AvailableBlockchainAddress` WRITE;
/*!40000 ALTER TABLE `AvailableBlockchainAddress` DISABLE KEYS */;
INSERT INTO `AvailableBlockchainAddress` VALUES (2,'0x01985F7D085515C42Be83e40B82ec20f6C8b0AD6'),(5,'0x377ef20DF86950a01D3ACa688f74d8f74E912DF2'),(4,'0x391B93347Db43ea054C586Da529b3C61934e083C'),(3,'0x44d1885b62770faE4e99c2900c736E0E1377c17B'),(7,'0x68DBd5544D90a8785F75000F5d2a301f17095d7a'),(8,'0x9826D61dC79eAd88A1FAB64FC2AD8FFDa10010C4'),(1,'0xA81d42117d9745d6CcfC5e0Bec3E19a57592d1da'),(9,'0xbCC5Ee29c9D5432401deb03035C155b118B9a818'),(6,'0xc5441806ADF3f9d93d46DB414F0EEB7f76e288D4'),(10,'0xFE53be66ABE220946C785dF3426d062bd1747EfC');
/*!40000 ALTER TABLE `AvailableBlockchainAddress` ENABLE KEYS */;
UNLOCK TABLES;

--
-- Table structure for table `Customer`
--

DROP TABLE IF EXISTS `Customer`;
/*!40101 SET @saved_cs_client     = @@character_set_client */;
/*!50503 SET character_set_client = utf8mb4 */;
CREATE TABLE `Customer` (
  `id` int NOT NULL AUTO_INCREMENT,
  `name` varchar(191) COLLATE utf8mb4_unicode_ci DEFAULT NULL,
  `email` varchar(191) COLLATE utf8mb4_unicode_ci DEFAULT NULL,
  `address` varchar(191) COLLATE utf8mb4_unicode_ci DEFAULT NULL,
  PRIMARY KEY (`id`),
  UNIQUE KEY `Customer_email_key` (`email`),
  UNIQUE KEY `Customer_address_key` (`address`)
) ENGINE=InnoDB AUTO_INCREMENT=5004 DEFAULT CHARSET=utf8mb4 COLLATE=utf8mb4_unicode_ci;
/*!40101 SET character_set_client = @saved_cs_client */;

--
-- Dumping data for table `Customer`
--

LOCK TABLES `Customer` WRITE;
/*!40000 ALTER TABLE `Customer` DISABLE KEYS */;
INSERT INTO `Customer` VALUES (5001,'L5CA_Customer 1','l5ca_cust1@test.com','0x391B93347Db43ea054C586Da529b3C61934e083C'),(5002,'L5CA_Customer 2','l5ca_cust2@test.com','0x377ef20DF86950a01D3ACa688f74d8f74E912DF2'),(5003,'L5CA_Customer 3','l5ca_cust3@test.com','0xc5441806ADF3f9d93d46DB414F0EEB7f76e288D4');
/*!40000 ALTER TABLE `Customer` ENABLE KEYS */;
UNLOCK TABLES;

--
-- Table structure for table `Inventory`
--

DROP TABLE IF EXISTS `Inventory`;
/*!40101 SET @saved_cs_client     = @@character_set_client */;
/*!50503 SET character_set_client = utf8mb4 */;
CREATE TABLE `Inventory` (
  `id` int NOT NULL AUTO_INCREMENT,
  `customerId` int NOT NULL,
  PRIMARY KEY (`id`),
  UNIQUE KEY `Inventory_customerId_key` (`customerId`),
  CONSTRAINT `Inventory_customerId_fkey` FOREIGN KEY (`customerId`) REFERENCES `Customer` (`id`) ON DELETE CASCADE ON UPDATE CASCADE
) ENGINE=InnoDB AUTO_INCREMENT=4 DEFAULT CHARSET=utf8mb4 COLLATE=utf8mb4_unicode_ci;
/*!40101 SET character_set_client = @saved_cs_client */;

--
-- Dumping data for table `Inventory`
--

LOCK TABLES `Inventory` WRITE;
/*!40000 ALTER TABLE `Inventory` DISABLE KEYS */;
INSERT INTO `Inventory` VALUES (1,5001),(2,5002),(3,5003);
/*!40000 ALTER TABLE `Inventory` ENABLE KEYS */;
UNLOCK TABLES;

--
-- Table structure for table `MFA`
--

DROP TABLE IF EXISTS `MFA`;
/*!40101 SET @saved_cs_client     = @@character_set_client */;
/*!50503 SET character_set_client = utf8mb4 */;
CREATE TABLE `MFA` (
  `id` int NOT NULL AUTO_INCREMENT,
  `userId` int NOT NULL,
  `status` tinyint(1) NOT NULL,
  `verified` tinyint(1) NOT NULL,
  `ascii` varchar(255) COLLATE utf8mb4_unicode_ci NOT NULL,
  `hex` varchar(255) COLLATE utf8mb4_unicode_ci NOT NULL,
  `base32` varchar(255) COLLATE utf8mb4_unicode_ci NOT NULL,
  `otpAuthUrl` varchar(255) COLLATE utf8mb4_unicode_ci NOT NULL,
  `qr` text COLLATE utf8mb4_unicode_ci NOT NULL,
  PRIMARY KEY (`id`),
  UNIQUE KEY `MFA_userId_key` (`userId`),
  CONSTRAINT `MFA_userId_fkey` FOREIGN KEY (`userId`) REFERENCES `User` (`id`) ON DELETE CASCADE ON UPDATE CASCADE
) ENGINE=InnoDB DEFAULT CHARSET=utf8mb4 COLLATE=utf8mb4_unicode_ci;
/*!40101 SET character_set_client = @saved_cs_client */;

--
-- Dumping data for table `MFA`
--

LOCK TABLES `MFA` WRITE;
/*!40000 ALTER TABLE `MFA` DISABLE KEYS */;
/*!40000 ALTER TABLE `MFA` ENABLE KEYS */;
UNLOCK TABLES;

--
-- Table structure for table `Order`
--

DROP TABLE IF EXISTS `Order`;
/*!40101 SET @saved_cs_client     = @@character_set_client */;
/*!50503 SET character_set_client = utf8mb4 */;
CREATE TABLE `Order` (
  `id` int NOT NULL AUTO_INCREMENT,
  `customerId` int NOT NULL,
  `createdAt` datetime(3) NOT NULL DEFAULT CURRENT_TIMESTAMP(3),
  `deliveredAt` datetime(3) DEFAULT NULL,
  `type` enum('INCOMING','OUTCOMING') COLLATE utf8mb4_unicode_ci NOT NULL,
  `status` enum('PLACED','PROCESS','COMPLETED','CANCELED') COLLATE utf8mb4_unicode_ci NOT NULL DEFAULT 'PLACED',
  PRIMARY KEY (`id`),
  KEY `Order_customerId_fkey` (`customerId`),
  CONSTRAINT `Order_customerId_fkey` FOREIGN KEY (`customerId`) REFERENCES `Customer` (`id`) ON DELETE CASCADE ON UPDATE CASCADE
) ENGINE=InnoDB AUTO_INCREMENT=4 DEFAULT CHARSET=utf8mb4 COLLATE=utf8mb4_unicode_ci;
/*!40101 SET character_set_client = @saved_cs_client */;

--
-- Dumping data for table `Order`
--

LOCK TABLES `Order` WRITE;
/*!40000 ALTER TABLE `Order` DISABLE KEYS */;
INSERT INTO `Order` VALUES (1,5001,'2024-09-18 22:27:37.198','2024-09-18 22:27:37.216','INCOMING','COMPLETED'),(2,5002,'2024-09-18 22:27:37.261','2024-09-18 22:27:37.269','INCOMING','COMPLETED'),(3,5003,'2024-09-18 22:27:37.314','2024-09-18 22:27:37.328','INCOMING','COMPLETED');
/*!40000 ALTER TABLE `Order` ENABLE KEYS */;
UNLOCK TABLES;

--
-- Table structure for table `Receipt`
--

DROP TABLE IF EXISTS `Receipt`;
/*!40101 SET @saved_cs_client     = @@character_set_client */;
/*!50503 SET character_set_client = utf8mb4 */;
CREATE TABLE `Receipt` (
  `id` int NOT NULL AUTO_INCREMENT,
  `orderId` int NOT NULL,
  `to` varchar(191) COLLATE utf8mb4_unicode_ci NOT NULL,
  `from` varchar(191) COLLATE utf8mb4_unicode_ci NOT NULL,
  `blockHash` varchar(191) COLLATE utf8mb4_unicode_ci NOT NULL,
  `blockNumber` int NOT NULL,
  `status` int NOT NULL,
  `hash` varchar(191) COLLATE utf8mb4_unicode_ci NOT NULL,
  PRIMARY KEY (`id`),
  UNIQUE KEY `Receipt_orderId_key` (`orderId`),
  UNIQUE KEY `Receipt_hash_key` (`hash`),
  CONSTRAINT `Receipt_orderId_fkey` FOREIGN KEY (`orderId`) REFERENCES `Order` (`id`) ON DELETE CASCADE ON UPDATE CASCADE
) ENGINE=InnoDB DEFAULT CHARSET=utf8mb4 COLLATE=utf8mb4_unicode_ci;
/*!40101 SET character_set_client = @saved_cs_client */;

--
-- Dumping data for table `Receipt`
--

LOCK TABLES `Receipt` WRITE;
/*!40000 ALTER TABLE `Receipt` DISABLE KEYS */;
/*!40000 ALTER TABLE `Receipt` ENABLE KEYS */;
UNLOCK TABLES;

--
-- Table structure for table `Resource`
--

DROP TABLE IF EXISTS `Resource`;
/*!40101 SET @saved_cs_client     = @@character_set_client */;
/*!50503 SET character_set_client = utf8mb4 */;
CREATE TABLE `Resource` (
  `id` int NOT NULL AUTO_INCREMENT,
  `inventoryId` int NOT NULL,
  `orderId` int NOT NULL,
  `title` enum('WHEAT_SEED','WHEAT','WHEAT_SACK','WHEAT_SACK_PALLETE_PRE','WHEAT_SACK_PALLETE_POST','FLOUR','BREAD_PRODUCT','DISTRIBUTED_BREAD_PRODUCT','BREAD_PRODUCT_CONSUMER') COLLATE utf8mb4_unicode_ci NOT NULL DEFAULT 'WHEAT_SACK_PALLETE_POST',
  `amount` int NOT NULL,
  PRIMARY KEY (`id`),
  KEY `Resource_inventoryId_fkey` (`inventoryId`),
  KEY `Resource_orderId_fkey` (`orderId`),
  CONSTRAINT `Resource_inventoryId_fkey` FOREIGN KEY (`inventoryId`) REFERENCES `Inventory` (`id`) ON DELETE CASCADE ON UPDATE CASCADE,
  CONSTRAINT `Resource_orderId_fkey` FOREIGN KEY (`orderId`) REFERENCES `Order` (`id`) ON DELETE CASCADE ON UPDATE CASCADE
) ENGINE=InnoDB AUTO_INCREMENT=4 DEFAULT CHARSET=utf8mb4 COLLATE=utf8mb4_unicode_ci;
/*!40101 SET character_set_client = @saved_cs_client */;

--
-- Dumping data for table `Resource`
--

LOCK TABLES `Resource` WRITE;
/*!40000 ALTER TABLE `Resource` DISABLE KEYS */;
INSERT INTO `Resource` VALUES (1,1,1,'WHEAT_SACK_PALLETE_POST',1000),(2,2,2,'WHEAT_SACK_PALLETE_POST',1000),(3,3,3,'WHEAT_SACK_PALLETE_POST',1000);
/*!40000 ALTER TABLE `Resource` ENABLE KEYS */;
UNLOCK TABLES;

--
-- Table structure for table `TraceabilityToken`
--

DROP TABLE IF EXISTS `TraceabilityToken`;
/*!40101 SET @saved_cs_client     = @@character_set_client */;
/*!50503 SET character_set_client = utf8mb4 */;
CREATE TABLE `TraceabilityToken` (
  `id` int NOT NULL AUTO_INCREMENT,
  `orderId` int NOT NULL,
  `bcTokenId` int NOT NULL,
  `token` text COLLATE utf8mb4_unicode_ci NOT NULL,
  PRIMARY KEY (`id`),
  UNIQUE KEY `TraceabilityToken_orderId_key` (`orderId`)
) ENGINE=InnoDB DEFAULT CHARSET=utf8mb4 COLLATE=utf8mb4_unicode_ci;
/*!40101 SET character_set_client = @saved_cs_client */;

--
-- Dumping data for table `TraceabilityToken`
--

LOCK TABLES `TraceabilityToken` WRITE;
/*!40000 ALTER TABLE `TraceabilityToken` DISABLE KEYS */;
/*!40000 ALTER TABLE `TraceabilityToken` ENABLE KEYS */;
UNLOCK TABLES;

--
-- Table structure for table `User`
--

DROP TABLE IF EXISTS `User`;
/*!40101 SET @saved_cs_client     = @@character_set_client */;
/*!50503 SET character_set_client = utf8mb4 */;
CREATE TABLE `User` (
  `id` int NOT NULL AUTO_INCREMENT,
  `firstName` varchar(191) COLLATE utf8mb4_unicode_ci DEFAULT NULL,
  `lastName` varchar(191) COLLATE utf8mb4_unicode_ci DEFAULT NULL,
  `email` varchar(191) COLLATE utf8mb4_unicode_ci NOT NULL,
  `password` varchar(191) COLLATE utf8mb4_unicode_ci NOT NULL,
  `role` enum('ADMIN','MODERATOR','USER') COLLATE utf8mb4_unicode_ci NOT NULL DEFAULT 'USER',
  `refreshToken` varchar(255) COLLATE utf8mb4_unicode_ci NOT NULL,
  `mfaId` int DEFAULT NULL,
  `address` varchar(191) COLLATE utf8mb4_unicode_ci DEFAULT NULL,
  PRIMARY KEY (`id`),
  UNIQUE KEY `User_email_key` (`email`)
) ENGINE=InnoDB AUTO_INCREMENT=4 DEFAULT CHARSET=utf8mb4 COLLATE=utf8mb4_unicode_ci;
/*!40101 SET character_set_client = @saved_cs_client */;

--
-- Dumping data for table `User`
--

LOCK TABLES `User` WRITE;
/*!40000 ALTER TABLE `User` DISABLE KEYS */;
INSERT INTO `User` VALUES (1,'qwe1','qwe1','qwe1@qwe.qwe','$2b$10$rTInmBENUI1OQS/Xq03LTOxuqVoryQBUvIBVdJT5rph7JnIEQIRMm','ADMIN','',NULL,'0xA81d42117d9745d6CcfC5e0Bec3E19a57592d1da'),(2,'asd1','asd1','asd1@asd.asd','$2b$10$0iJHSQZs7hB81l.hykjmeuPplDIEYNo9iCPfXHlvIojIpTzOAlP76','MODERATOR','',NULL,'0x01985F7D085515C42Be83e40B82ec20f6C8b0AD6'),(3,'zxc1','zxc1','zxc1@zxc.zxc','$2b$10$AC8QvwgjnRnHyqz9IYFg4O1uf5IH6fs1Q5WPBftbQ7gFtXRHu9pKa','USER','',NULL,'0x44d1885b62770faE4e99c2900c736E0E1377c17B');
/*!40000 ALTER TABLE `User` ENABLE KEYS */;
UNLOCK TABLES;

--
-- Table structure for table `_prisma_migrations`
--

DROP TABLE IF EXISTS `_prisma_migrations`;
/*!40101 SET @saved_cs_client     = @@character_set_client */;
/*!50503 SET character_set_client = utf8mb4 */;
CREATE TABLE `_prisma_migrations` (
  `id` varchar(36) COLLATE utf8mb4_unicode_ci NOT NULL,
  `checksum` varchar(64) COLLATE utf8mb4_unicode_ci NOT NULL,
  `finished_at` datetime(3) DEFAULT NULL,
  `migration_name` varchar(255) COLLATE utf8mb4_unicode_ci NOT NULL,
  `logs` text COLLATE utf8mb4_unicode_ci,
  `rolled_back_at` datetime(3) DEFAULT NULL,
  `started_at` datetime(3) NOT NULL DEFAULT CURRENT_TIMESTAMP(3),
  `applied_steps_count` int unsigned NOT NULL DEFAULT '0',
  PRIMARY KEY (`id`)
) ENGINE=InnoDB DEFAULT CHARSET=utf8mb4 COLLATE=utf8mb4_unicode_ci;
/*!40101 SET character_set_client = @saved_cs_client */;

--
-- Dumping data for table `_prisma_migrations`
--

LOCK TABLES `_prisma_migrations` WRITE;
/*!40000 ALTER TABLE `_prisma_migrations` DISABLE KEYS */;
INSERT INTO `_prisma_migrations` VALUES ('fd6c745f-ee11-421f-a484-52fac07aa5a2','259ae5efe047eeab1fd7d39c432734c05c3c15259d37c4c4c3497d478f2ccc6f','2024-09-18 22:27:32.575','20231006220439_init',NULL,NULL,'2024-09-18 22:27:31.618',1);
/*!40000 ALTER TABLE `_prisma_migrations` ENABLE KEYS */;
UNLOCK TABLES;
/*!40103 SET TIME_ZONE=@OLD_TIME_ZONE */;

/*!40101 SET SQL_MODE=@OLD_SQL_MODE */;
/*!40014 SET FOREIGN_KEY_CHECKS=@OLD_FOREIGN_KEY_CHECKS */;
/*!40014 SET UNIQUE_CHECKS=@OLD_UNIQUE_CHECKS */;
/*!40101 SET CHARACTER_SET_CLIENT=@OLD_CHARACTER_SET_CLIENT */;
/*!40101 SET CHARACTER_SET_RESULTS=@OLD_CHARACTER_SET_RESULTS */;
/*!40101 SET COLLATION_CONNECTION=@OLD_COLLATION_CONNECTION */;
/*!40111 SET SQL_NOTES=@OLD_SQL_NOTES */;

-- Dump completed on 2024-09-19  1:30:38
