-- MySQL dump 10.13  Distrib 8.0.39, for Linux (x86_64)
--
-- Host: localhost    Database: l7_erp1_backend
-- ------------------------------------------------------
-- Server version	8.0.39-0ubuntu0.22.04.1

/*!40101 SET @OLD_CHARACTER_SET_CLIENT=@@CHARACTER_SET_CLIENT */;
/*!40101 SET @OLD_CHARACTER_SET_RESULTS=@@CHARACTER_SET_RESULTS */;
/*!40101 SET @OLD_COLLATION_CONNECTION=@@COLLATION_CONNECTION */;
/*!50503 SET NAMES utf8mb4 */;
/*!40103 SET @OLD_TIME_ZONE=@@TIME_ZONE */;
/*!40103 SET TIME_ZONE='+00:00' */;
/*!40014 SET @OLD_UNIQUE_CHECKS=@@UNIQUE_CHECKS, UNIQUE_CHECKS=0 */;
/*!40014 SET @OLD_FOREIGN_KEY_CHECKS=@@FOREIGN_KEY_CHECKS, FOREIGN_KEY_CHECKS=0 */;
/*!40101 SET @OLD_SQL_MODE=@@SQL_MODE, SQL_MODE='NO_AUTO_VALUE_ON_ZERO' */;
/*!40111 SET @OLD_SQL_NOTES=@@SQL_NOTES, SQL_NOTES=0 */;

--
-- Table structure for table `AssignedBlockchainAddress`
--

DROP TABLE IF EXISTS `AssignedBlockchainAddress`;
/*!40101 SET @saved_cs_client     = @@character_set_client */;
/*!50503 SET character_set_client = utf8mb4 */;
CREATE TABLE `AssignedBlockchainAddress` (
  `id` int NOT NULL AUTO_INCREMENT,
  `address` varchar(191) COLLATE utf8mb4_unicode_ci NOT NULL,
  `email` varchar(191) COLLATE utf8mb4_unicode_ci NOT NULL,
  PRIMARY KEY (`id`),
  UNIQUE KEY `AssignedBlockchainAddress_address_key` (`address`),
  UNIQUE KEY `AssignedBlockchainAddress_email_key` (`email`),
  CONSTRAINT `AssignedBlockchainAddress_address_fkey` FOREIGN KEY (`address`) REFERENCES `AvailableBlockchainAddress` (`address`) ON DELETE CASCADE ON UPDATE CASCADE
) ENGINE=InnoDB AUTO_INCREMENT=7 DEFAULT CHARSET=utf8mb4 COLLATE=utf8mb4_unicode_ci;
/*!40101 SET character_set_client = @saved_cs_client */;

--
-- Dumping data for table `AssignedBlockchainAddress`
--

LOCK TABLES `AssignedBlockchainAddress` WRITE;
/*!40000 ALTER TABLE `AssignedBlockchainAddress` DISABLE KEYS */;
INSERT INTO `AssignedBlockchainAddress` VALUES (1,'0xaBe36A8886bFdB2444B9b595af7104538eA8e516','qwe1@qwe.qwe'),(2,'0x9F53C2E1e07e23015B7619B5be0d83742D3c56B5','asd1@asd.asd'),(3,'0x75fD8147fE1Ab1A836517B45Bf933148Ed7754Ef','zxc1@zxc.zxc'),(4,'0x521FFD0a59548a4D7EC7c869E66B06806F8bD55f','l7ca_cust1@test.com'),(5,'0x6C037162D7A6E5e2018f3a51377158838DDD0dD2','l7ca_cust2@test.com'),(6,'0xc19209e501533Be84C2E103f16C39498118Cd617','l7ca_cust3@test.com');
/*!40000 ALTER TABLE `AssignedBlockchainAddress` ENABLE KEYS */;
UNLOCK TABLES;

--
-- Table structure for table `AvailableBlockchainAddress`
--

DROP TABLE IF EXISTS `AvailableBlockchainAddress`;
/*!40101 SET @saved_cs_client     = @@character_set_client */;
/*!50503 SET character_set_client = utf8mb4 */;
CREATE TABLE `AvailableBlockchainAddress` (
  `id` int NOT NULL AUTO_INCREMENT,
  `address` varchar(255) COLLATE utf8mb4_unicode_ci NOT NULL,
  PRIMARY KEY (`id`),
  UNIQUE KEY `AvailableBlockchainAddress_address_key` (`address`)
) ENGINE=InnoDB AUTO_INCREMENT=11 DEFAULT CHARSET=utf8mb4 COLLATE=utf8mb4_unicode_ci;
/*!40101 SET character_set_client = @saved_cs_client */;

--
-- Dumping data for table `AvailableBlockchainAddress`
--

LOCK TABLES `AvailableBlockchainAddress` WRITE;
/*!40000 ALTER TABLE `AvailableBlockchainAddress` DISABLE KEYS */;
INSERT INTO `AvailableBlockchainAddress` VALUES (4,'0x521FFD0a59548a4D7EC7c869E66B06806F8bD55f'),(9,'0x57ab8acf0dddbef945a3aAaA4902484a194788a1'),(5,'0x6C037162D7A6E5e2018f3a51377158838DDD0dD2'),(3,'0x75fD8147fE1Ab1A836517B45Bf933148Ed7754Ef'),(10,'0x92CBaA69B01BbEd6b8dDf0a32a3a46b230a622E3'),(8,'0x9745c4557FAb756dEfd58D6D3e11CecCf5A69A70'),(2,'0x9F53C2E1e07e23015B7619B5be0d83742D3c56B5'),(1,'0xaBe36A8886bFdB2444B9b595af7104538eA8e516'),(6,'0xc19209e501533Be84C2E103f16C39498118Cd617'),(7,'0xe34c1f41c9b2a7991f66C568C8A60D8b926417e6');
/*!40000 ALTER TABLE `AvailableBlockchainAddress` ENABLE KEYS */;
UNLOCK TABLES;

--
-- Table structure for table `Customer`
--

DROP TABLE IF EXISTS `Customer`;
/*!40101 SET @saved_cs_client     = @@character_set_client */;
/*!50503 SET character_set_client = utf8mb4 */;
CREATE TABLE `Customer` (
  `id` int NOT NULL AUTO_INCREMENT,
  `name` varchar(191) COLLATE utf8mb4_unicode_ci DEFAULT NULL,
  `email` varchar(191) COLLATE utf8mb4_unicode_ci DEFAULT NULL,
  `address` varchar(191) COLLATE utf8mb4_unicode_ci DEFAULT NULL,
  PRIMARY KEY (`id`),
  UNIQUE KEY `Customer_email_key` (`email`),
  UNIQUE KEY `Customer_address_key` (`address`)
) ENGINE=InnoDB AUTO_INCREMENT=7004 DEFAULT CHARSET=utf8mb4 COLLATE=utf8mb4_unicode_ci;
/*!40101 SET character_set_client = @saved_cs_client */;

--
-- Dumping data for table `Customer`
--

LOCK TABLES `Customer` WRITE;
/*!40000 ALTER TABLE `Customer` DISABLE KEYS */;
INSERT INTO `Customer` VALUES (7001,'L7CA_Customer 1','l7ca_cust1@test.com','0x521FFD0a59548a4D7EC7c869E66B06806F8bD55f'),(7002,'L7CA_Customer 2','l7ca_cust2@test.com','0x6C037162D7A6E5e2018f3a51377158838DDD0dD2'),(7003,'L7CA_Customer 3','l7ca_cust3@test.com','0xc19209e501533Be84C2E103f16C39498118Cd617');
/*!40000 ALTER TABLE `Customer` ENABLE KEYS */;
UNLOCK TABLES;

--
-- Table structure for table `Inventory`
--

DROP TABLE IF EXISTS `Inventory`;
/*!40101 SET @saved_cs_client     = @@character_set_client */;
/*!50503 SET character_set_client = utf8mb4 */;
CREATE TABLE `Inventory` (
  `id` int NOT NULL AUTO_INCREMENT,
  `customerId` int NOT NULL,
  PRIMARY KEY (`id`),
  UNIQUE KEY `Inventory_customerId_key` (`customerId`),
  CONSTRAINT `Inventory_customerId_fkey` FOREIGN KEY (`customerId`) REFERENCES `Customer` (`id`) ON DELETE CASCADE ON UPDATE CASCADE
) ENGINE=InnoDB AUTO_INCREMENT=4 DEFAULT CHARSET=utf8mb4 COLLATE=utf8mb4_unicode_ci;
/*!40101 SET character_set_client = @saved_cs_client */;

--
-- Dumping data for table `Inventory`
--

LOCK TABLES `Inventory` WRITE;
/*!40000 ALTER TABLE `Inventory` DISABLE KEYS */;
INSERT INTO `Inventory` VALUES (1,7001),(2,7002),(3,7003);
/*!40000 ALTER TABLE `Inventory` ENABLE KEYS */;
UNLOCK TABLES;

--
-- Table structure for table `MFA`
--

DROP TABLE IF EXISTS `MFA`;
/*!40101 SET @saved_cs_client     = @@character_set_client */;
/*!50503 SET character_set_client = utf8mb4 */;
CREATE TABLE `MFA` (
  `id` int NOT NULL AUTO_INCREMENT,
  `userId` int NOT NULL,
  `status` tinyint(1) NOT NULL,
  `verified` tinyint(1) NOT NULL,
  `ascii` varchar(255) COLLATE utf8mb4_unicode_ci NOT NULL,
  `hex` varchar(255) COLLATE utf8mb4_unicode_ci NOT NULL,
  `base32` varchar(255) COLLATE utf8mb4_unicode_ci NOT NULL,
  `otpAuthUrl` varchar(255) COLLATE utf8mb4_unicode_ci NOT NULL,
  `qr` text COLLATE utf8mb4_unicode_ci NOT NULL,
  PRIMARY KEY (`id`),
  UNIQUE KEY `MFA_userId_key` (`userId`),
  CONSTRAINT `MFA_userId_fkey` FOREIGN KEY (`userId`) REFERENCES `User` (`id`) ON DELETE CASCADE ON UPDATE CASCADE
) ENGINE=InnoDB DEFAULT CHARSET=utf8mb4 COLLATE=utf8mb4_unicode_ci;
/*!40101 SET character_set_client = @saved_cs_client */;

--
-- Dumping data for table `MFA`
--

LOCK TABLES `MFA` WRITE;
/*!40000 ALTER TABLE `MFA` DISABLE KEYS */;
/*!40000 ALTER TABLE `MFA` ENABLE KEYS */;
UNLOCK TABLES;

--
-- Table structure for table `Order`
--

DROP TABLE IF EXISTS `Order`;
/*!40101 SET @saved_cs_client     = @@character_set_client */;
/*!50503 SET character_set_client = utf8mb4 */;
CREATE TABLE `Order` (
  `id` int NOT NULL AUTO_INCREMENT,
  `customerId` int NOT NULL,
  `createdAt` datetime(3) NOT NULL DEFAULT CURRENT_TIMESTAMP(3),
  `deliveredAt` datetime(3) DEFAULT NULL,
  `type` enum('INCOMING','OUTCOMING') COLLATE utf8mb4_unicode_ci NOT NULL,
  `status` enum('PLACED','PROCESS','COMPLETED','CANCELED') COLLATE utf8mb4_unicode_ci NOT NULL DEFAULT 'PLACED',
  PRIMARY KEY (`id`),
  KEY `Order_customerId_fkey` (`customerId`),
  CONSTRAINT `Order_customerId_fkey` FOREIGN KEY (`customerId`) REFERENCES `Customer` (`id`) ON DELETE CASCADE ON UPDATE CASCADE
) ENGINE=InnoDB AUTO_INCREMENT=4 DEFAULT CHARSET=utf8mb4 COLLATE=utf8mb4_unicode_ci;
/*!40101 SET character_set_client = @saved_cs_client */;

--
-- Dumping data for table `Order`
--

LOCK TABLES `Order` WRITE;
/*!40000 ALTER TABLE `Order` DISABLE KEYS */;
INSERT INTO `Order` VALUES (1,7001,'2024-09-18 22:31:15.526','2024-09-18 22:31:15.544','INCOMING','COMPLETED'),(2,7002,'2024-09-18 22:31:15.600','2024-09-18 22:31:15.614','INCOMING','COMPLETED'),(3,7003,'2024-09-18 22:31:15.651','2024-09-18 22:31:15.666','INCOMING','COMPLETED');
/*!40000 ALTER TABLE `Order` ENABLE KEYS */;
UNLOCK TABLES;

--
-- Table structure for table `Receipt`
--

DROP TABLE IF EXISTS `Receipt`;
/*!40101 SET @saved_cs_client     = @@character_set_client */;
/*!50503 SET character_set_client = utf8mb4 */;
CREATE TABLE `Receipt` (
  `id` int NOT NULL AUTO_INCREMENT,
  `orderId` int NOT NULL,
  `to` varchar(191) COLLATE utf8mb4_unicode_ci NOT NULL,
  `from` varchar(191) COLLATE utf8mb4_unicode_ci NOT NULL,
  `blockHash` varchar(191) COLLATE utf8mb4_unicode_ci NOT NULL,
  `blockNumber` int NOT NULL,
  `status` int NOT NULL,
  `hash` varchar(191) COLLATE utf8mb4_unicode_ci NOT NULL,
  PRIMARY KEY (`id`),
  UNIQUE KEY `Receipt_orderId_key` (`orderId`),
  UNIQUE KEY `Receipt_hash_key` (`hash`),
  CONSTRAINT `Receipt_orderId_fkey` FOREIGN KEY (`orderId`) REFERENCES `Order` (`id`) ON DELETE CASCADE ON UPDATE CASCADE
) ENGINE=InnoDB DEFAULT CHARSET=utf8mb4 COLLATE=utf8mb4_unicode_ci;
/*!40101 SET character_set_client = @saved_cs_client */;

--
-- Dumping data for table `Receipt`
--

LOCK TABLES `Receipt` WRITE;
/*!40000 ALTER TABLE `Receipt` DISABLE KEYS */;
/*!40000 ALTER TABLE `Receipt` ENABLE KEYS */;
UNLOCK TABLES;

--
-- Table structure for table `Resource`
--

DROP TABLE IF EXISTS `Resource`;
/*!40101 SET @saved_cs_client     = @@character_set_client */;
/*!50503 SET character_set_client = utf8mb4 */;
CREATE TABLE `Resource` (
  `id` int NOT NULL AUTO_INCREMENT,
  `inventoryId` int NOT NULL,
  `orderId` int NOT NULL,
  `title` enum('WHEAT_SEED','WHEAT','WHEAT_SACK','WHEAT_SACK_PALLETE_PRE','WHEAT_SACK_PALLETE_POST','FLOUR','BREAD_PRODUCT','DISTRIBUTED_BREAD_PRODUCT','BREAD_PRODUCT_CONSUMER') COLLATE utf8mb4_unicode_ci NOT NULL DEFAULT 'BREAD_PRODUCT',
  `amount` int NOT NULL,
  PRIMARY KEY (`id`),
  KEY `Resource_inventoryId_fkey` (`inventoryId`),
  KEY `Resource_orderId_fkey` (`orderId`),
  CONSTRAINT `Resource_inventoryId_fkey` FOREIGN KEY (`inventoryId`) REFERENCES `Inventory` (`id`) ON DELETE CASCADE ON UPDATE CASCADE,
  CONSTRAINT `Resource_orderId_fkey` FOREIGN KEY (`orderId`) REFERENCES `Order` (`id`) ON DELETE CASCADE ON UPDATE CASCADE
) ENGINE=InnoDB AUTO_INCREMENT=4 DEFAULT CHARSET=utf8mb4 COLLATE=utf8mb4_unicode_ci;
/*!40101 SET character_set_client = @saved_cs_client */;

--
-- Dumping data for table `Resource`
--

LOCK TABLES `Resource` WRITE;
/*!40000 ALTER TABLE `Resource` DISABLE KEYS */;
INSERT INTO `Resource` VALUES (1,1,1,'BREAD_PRODUCT',1000),(2,2,2,'BREAD_PRODUCT',1000),(3,3,3,'BREAD_PRODUCT',1000);
/*!40000 ALTER TABLE `Resource` ENABLE KEYS */;
UNLOCK TABLES;

--
-- Table structure for table `TraceabilityToken`
--

DROP TABLE IF EXISTS `TraceabilityToken`;
/*!40101 SET @saved_cs_client     = @@character_set_client */;
/*!50503 SET character_set_client = utf8mb4 */;
CREATE TABLE `TraceabilityToken` (
  `id` int NOT NULL AUTO_INCREMENT,
  `orderId` int NOT NULL,
  `bcTokenId` int NOT NULL,
  `token` text COLLATE utf8mb4_unicode_ci NOT NULL,
  PRIMARY KEY (`id`),
  UNIQUE KEY `TraceabilityToken_orderId_key` (`orderId`)
) ENGINE=InnoDB DEFAULT CHARSET=utf8mb4 COLLATE=utf8mb4_unicode_ci;
/*!40101 SET character_set_client = @saved_cs_client */;

--
-- Dumping data for table `TraceabilityToken`
--

LOCK TABLES `TraceabilityToken` WRITE;
/*!40000 ALTER TABLE `TraceabilityToken` DISABLE KEYS */;
/*!40000 ALTER TABLE `TraceabilityToken` ENABLE KEYS */;
UNLOCK TABLES;

--
-- Table structure for table `User`
--

DROP TABLE IF EXISTS `User`;
/*!40101 SET @saved_cs_client     = @@character_set_client */;
/*!50503 SET character_set_client = utf8mb4 */;
CREATE TABLE `User` (
  `id` int NOT NULL AUTO_INCREMENT,
  `firstName` varchar(191) COLLATE utf8mb4_unicode_ci DEFAULT NULL,
  `lastName` varchar(191) COLLATE utf8mb4_unicode_ci DEFAULT NULL,
  `email` varchar(191) COLLATE utf8mb4_unicode_ci NOT NULL,
  `password` varchar(191) COLLATE utf8mb4_unicode_ci NOT NULL,
  `role` enum('ADMIN','MODERATOR','USER') COLLATE utf8mb4_unicode_ci NOT NULL DEFAULT 'USER',
  `refreshToken` varchar(255) COLLATE utf8mb4_unicode_ci NOT NULL,
  `mfaId` int DEFAULT NULL,
  `address` varchar(191) COLLATE utf8mb4_unicode_ci DEFAULT NULL,
  PRIMARY KEY (`id`),
  UNIQUE KEY `User_email_key` (`email`)
) ENGINE=InnoDB AUTO_INCREMENT=4 DEFAULT CHARSET=utf8mb4 COLLATE=utf8mb4_unicode_ci;
/*!40101 SET character_set_client = @saved_cs_client */;

--
-- Dumping data for table `User`
--

LOCK TABLES `User` WRITE;
/*!40000 ALTER TABLE `User` DISABLE KEYS */;
INSERT INTO `User` VALUES (1,'qwe1','qwe1','qwe1@qwe.qwe','$2b$10$ISOUzosFaEPMHLRfk2OFw.fMzk5ZRFb/emtAgk20jS.tYZcGMNXMe','ADMIN','',NULL,'0xaBe36A8886bFdB2444B9b595af7104538eA8e516'),(2,'asd1','asd1','asd1@asd.asd','$2b$10$Q8DY28/y/Rg.SrmAoHR.TuoWjKy7h9DqOPlHgJD4m8BJu6px1vy6O','MODERATOR','',NULL,'0x9F53C2E1e07e23015B7619B5be0d83742D3c56B5'),(3,'zxc1','zxc1','zxc1@zxc.zxc','$2b$10$Q7XzKHqh72IO0i/NSkEgdeXVtrzl.JuVkwfPFwYS2taS0zZVHbRMu','USER','',NULL,'0x75fD8147fE1Ab1A836517B45Bf933148Ed7754Ef');
/*!40000 ALTER TABLE `User` ENABLE KEYS */;
UNLOCK TABLES;

--
-- Table structure for table `_prisma_migrations`
--

DROP TABLE IF EXISTS `_prisma_migrations`;
/*!40101 SET @saved_cs_client     = @@character_set_client */;
/*!50503 SET character_set_client = utf8mb4 */;
CREATE TABLE `_prisma_migrations` (
  `id` varchar(36) COLLATE utf8mb4_unicode_ci NOT NULL,
  `checksum` varchar(64) COLLATE utf8mb4_unicode_ci NOT NULL,
  `finished_at` datetime(3) DEFAULT NULL,
  `migration_name` varchar(255) COLLATE utf8mb4_unicode_ci NOT NULL,
  `logs` text COLLATE utf8mb4_unicode_ci,
  `rolled_back_at` datetime(3) DEFAULT NULL,
  `started_at` datetime(3) NOT NULL DEFAULT CURRENT_TIMESTAMP(3),
  `applied_steps_count` int unsigned NOT NULL DEFAULT '0',
  PRIMARY KEY (`id`)
) ENGINE=InnoDB DEFAULT CHARSET=utf8mb4 COLLATE=utf8mb4_unicode_ci;
/*!40101 SET character_set_client = @saved_cs_client */;

--
-- Dumping data for table `_prisma_migrations`
--

LOCK TABLES `_prisma_migrations` WRITE;
/*!40000 ALTER TABLE `_prisma_migrations` DISABLE KEYS */;
INSERT INTO `_prisma_migrations` VALUES ('fff20034-cf58-4068-820a-ca41978780df','e5d8a5c16c39bcc7e1c0e85bb2c7fa3e79db1c504efe9b680859d9cc316241a6','2024-09-18 22:31:11.943','20231006220439_init',NULL,NULL,'2024-09-18 22:31:11.217',1);
/*!40000 ALTER TABLE `_prisma_migrations` ENABLE KEYS */;
UNLOCK TABLES;
/*!40103 SET TIME_ZONE=@OLD_TIME_ZONE */;

/*!40101 SET SQL_MODE=@OLD_SQL_MODE */;
/*!40014 SET FOREIGN_KEY_CHECKS=@OLD_FOREIGN_KEY_CHECKS */;
/*!40014 SET UNIQUE_CHECKS=@OLD_UNIQUE_CHECKS */;
/*!40101 SET CHARACTER_SET_CLIENT=@OLD_CHARACTER_SET_CLIENT */;
/*!40101 SET CHARACTER_SET_RESULTS=@OLD_CHARACTER_SET_RESULTS */;
/*!40101 SET COLLATION_CONNECTION=@OLD_COLLATION_CONNECTION */;
/*!40111 SET SQL_NOTES=@OLD_SQL_NOTES */;

-- Dump completed on 2024-09-19  1:32:05
